experiment_id,investigation_id,dataset_family,fuel_material,material_category,oxygen_pct,pressure_kpa,burn_time_s,extinction_outcome,extinction_diameter_mm,initial_diameter_mm,burning_rate_mms,airflow_velocity_cms,flame_temp_k,gravity_condition,ignition_power_w,ignition_time_s,co2_pct,co_ppm,test_date,source_name,source_url,notes
SAME-AERO-001,PSI-SAME-AEROSOL,SAME (Aerosol),Overheated Kapton-Insulated Wire,Aero Polyimide Wiring,20.9,101.3,192.2,Pyrolysis Extinction,,1.49,0.035,8.1,900.2,Microgravity (~0g),49.5,20.5,0.26,68.1,2018-07-01,NASA Glenn Research Center / ISS MSG,https://psi.nasa.gov/investigation/SAME,SAME investigation of smoke particulate size distribution and ionization/optical response in microgravity.
SAME-AERO-002,PSI-SAME-AEROSOL,SAME (Aerosol),Overheated Silicone Rubber Cable,Flexible Wire Coating,20.9,101.3,95.9,Pyrolysis Extinction,,1.01,0.062,3.7,583.3,Microgravity (~0g),35.4,16.2,0.57,109.4,2018-11-27,NASA Glenn Research Center / ISS MSG,https://psi.nasa.gov/investigation/SAME,SAME investigation of smoke particulate size distribution and ionization/optical response in microgravity.
SAME-AERO-003,PSI-SAME-AEROSOL,SAME (Aerosol),Overheated PTFE-Insulated Wire (AWG 20),Electrical Cable Insulation,20.9,101.3,137.0,Aerosol Quenched,,1.44,0.052,11.3,778.7,Microgravity (~0g),40.4,11.9,0.46,170.4,2018-02-14,NASA Glenn Research Center / ISS MSG,https://psi.nasa.gov/investigation/SAME,SAME investigation of smoke particulate size distribution and ionization/optical response in microgravity.
SAME-AERO-004,PSI-SAME-AEROSOL,SAME (Aerosol),Overheated Kapton-Insulated Wire,Aero Polyimide Wiring,20.9,101.3,237.5,Sub-Micron Smoke Saturation,,1.43,0.053,1.0,770.3,Microgravity (~0g),52.9,12.6,0.64,125.4,2019-10-01,NASA Glenn Research Center / ISS MSG,https://psi.nasa.gov/investigation/SAME,SAME investigation of smoke particulate size distribution and ionization/optical response in microgravity.
SAME-AERO-005,PSI-SAME-AEROSOL,SAME (Aerosol),Overheated Silicone Rubber Cable,Flexible Wire Coating,20.9,101.3,175.0,Aerosol Quenched,,2.39,0.026,10.9,653.8,Microgravity (~0g),55.0,18.9,0.43,309.4,2016-02-11,NASA Glenn Research Center / ISS MSG,https://psi.nasa.gov/investigation/SAME,SAME investigation of smoke particulate size distribution and ionization/optical response in microgravity.
SAME-AERO-006,PSI-SAME-AEROSOL,SAME (Aerosol),Pyrolyzing Cotton Wick Precursor,Cellulose Fiber,20.9,101.3,150.8,Sub-Micron Smoke Saturation,,1.16,0.01,4.2,595.7,Microgravity (~0g),54.8,23.9,0.15,53.5,2017-04-12,NASA Glenn Research Center / ISS MSG,https://psi.nasa.gov/investigation/SAME,SAME investigation of smoke particulate size distribution and ionization/optical response in microgravity.
SAME-AERO-007,PSI-SAME-AEROSOL,SAME (Aerosol),Overheated PTFE-Insulated Wire (AWG 20),Electrical Cable Insulation,20.9,101.3,80.9,Detector Alarm Triggered,,2.42,0.037,6.8,663.5,Microgravity (~0g),57.8,20.4,0.58,109.1,2016-02-28,NASA Glenn Research Center / ISS MSG,https://psi.nasa.gov/investigation/SAME,SAME investigation of smoke particulate size distribution and ionization/optical response in microgravity.
SAME-AERO-008,PSI-SAME-AEROSOL,SAME (Aerosol),Overheated Kapton-Insulated Wire,Aero Polyimide Wiring,20.9,101.3,207.1,Sub-Micron Smoke Saturation,,2.29,0.028,10.2,783.7,Microgravity (~0g),47.9,24.4,0.67,77.2,2019-06-13,NASA Glenn Research Center / ISS MSG,https://psi.nasa.gov/investigation/SAME,SAME investigation of smoke particulate size distribution and ionization/optical response in microgravity.
SAME-AERO-009,PSI-SAME-AEROSOL,SAME (Aerosol),Overheated PTFE-Insulated Wire (AWG 20),Electrical Cable Insulation,20.9,101.3,215.0,Aerosol Quenched,,1.61,0.055,10.2,835.4,Microgravity (~0g),31.1,16.9,0.61,160.7,2019-02-23,NASA Glenn Research Center / ISS MSG,https://psi.nasa.gov/investigation/SAME,SAME investigation of smoke particulate size distribution and ionization/optical response in microgravity.
SAME-AERO-010,PSI-SAME-AEROSOL,SAME (Aerosol),Overheated Silicone Rubber Cable,Flexible Wire Coating,20.9,101.3,73.3,Detector Alarm Triggered,,1.33,0.067,1.1,645.2,Microgravity (~0g),48.9,23.4,0.76,156.3,2017-12-12,NASA Glenn Research Center / ISS MSG,https://psi.nasa.gov/investigation/SAME,SAME investigation of smoke particulate size distribution and ionization/optical response in microgravity.
SAME-AERO-011,PSI-SAME-AEROSOL,SAME (Aerosol),Overheated Silicone Rubber Cable,Flexible Wire Coating,20.9,101.3,142.4,Pyrolysis Extinction,,2.18,0.056,10.3,739.2,Microgravity (~0g),36.0,5.8,0.71,278.7,2017-09-14,NASA Glenn Research Center / ISS MSG,https://psi.nasa.gov/investigation/SAME,SAME investigation of smoke particulate size distribution and ionization/optical response in microgravity.
SAME-AERO-012,PSI-SAME-AEROSOL,SAME (Aerosol),Overheated PTFE-Insulated Wire (AWG 20),Electrical Cable Insulation,20.9,101.3,116.7,Aerosol Quenched,,1.2,0.049,1.8,680.5,Microgravity (~0g),59.1,18.7,0.38,53.2,2015-12-09,NASA Glenn Research Center / ISS MSG,https://psi.nasa.gov/investigation/SAME,SAME investigation of smoke particulate size distribution and ionization/optical response in microgravity.
SAME-AERO-013,PSI-SAME-AEROSOL,SAME (Aerosol),Overheated Kapton-Insulated Wire,Aero Polyimide Wiring,20.9,101.3,67.3,Detector Alarm Triggered,,1.27,0.061,6.2,803.7,Microgravity (~0g),52.6,16.1,0.33,137.4,2019-09-16,NASA Glenn Research Center / ISS MSG,https://psi.nasa.gov/investigation/SAME,SAME investigation of smoke particulate size distribution and ionization/optical response in microgravity.
SAME-AERO-014,PSI-SAME-AEROSOL,SAME (Aerosol),Overheated Silicone Rubber Cable,Flexible Wire Coating,20.9,101.3,61.5,Detector Alarm Triggered,,1.97,0.057,5.8,789.5,Microgravity (~0g),49.5,22.8,0.23,69.3,2015-01-20,NASA Glenn Research Center / ISS MSG,https://psi.nasa.gov/investigation/SAME,SAME investigation of smoke particulate size distribution and ionization/optical response in microgravity.
SAME-AERO-015,PSI-SAME-AEROSOL,SAME (Aerosol),Pyrolyzing Cotton Wick Precursor,Cellulose Fiber,20.9,101.3,186.8,Detector Alarm Triggered,,1.3,0.051,3.1,705.9,Microgravity (~0g),54.9,10.5,0.14,105.8,2019-07-11,NASA Glenn Research Center / ISS MSG,https://psi.nasa.gov/investigation/SAME,SAME investigation of smoke particulate size distribution and ionization/optical response in microgravity.
SAME-AERO-016,PSI-SAME-AEROSOL,SAME (Aerosol),Overheated PTFE-Insulated Wire (AWG 20),Electrical Cable Insulation,20.9,101.3,132.0,Detector Alarm Triggered,,1.65,0.039,6.7,693.9,Microgravity (~0g),42.1,8.2,0.46,179.4,2018-09-20,NASA Glenn Research Center / ISS MSG,https://psi.nasa.gov/investigation/SAME,SAME investigation of smoke particulate size distribution and ionization/optical response in microgravity.
SAME-AERO-017,PSI-SAME-AEROSOL,SAME (Aerosol),Overheated Silicone Rubber Cable,Flexible Wire Coating,20.9,101.3,110.6,Sub-Micron Smoke Saturation,,2.1,0.071,6.2,607.0,Microgravity (~0g),33.8,24.5,0.4,207.0,2017-03-08,NASA Glenn Research Center / ISS MSG,https://psi.nasa.gov/investigation/SAME,SAME investigation of smoke particulate size distribution and ionization/optical response in microgravity.
SAME-AERO-018,PSI-SAME-AEROSOL,SAME (Aerosol),Overheated Silicone Rubber Cable,Flexible Wire Coating,20.9,101.3,137.6,Detector Alarm Triggered,,1.6,0.065,10.6,759.0,Microgravity (~0g),38.2,18.2,0.71,286.8,2015-02-13,NASA Glenn Research Center / ISS MSG,https://psi.nasa.gov/investigation/SAME,SAME investigation of smoke particulate size distribution and ionization/optical response in microgravity.
SAME-AERO-019,PSI-SAME-AEROSOL,SAME (Aerosol),Overheated PTFE-Insulated Wire (AWG 20),Electrical Cable Insulation,20.9,101.3,117.2,Pyrolysis Extinction,,2.33,0.05,9.3,716.5,Microgravity (~0g),57.9,20.3,0.38,185.2,2017-08-05,NASA Glenn Research Center / ISS MSG,https://psi.nasa.gov/investigation/SAME,SAME investigation of smoke particulate size distribution and ionization/optical response in microgravity.
SAME-AERO-020,PSI-SAME-AEROSOL,SAME (Aerosol),Overheated Kapton-Insulated Wire,Aero Polyimide Wiring,20.9,101.3,98.9,Pyrolysis Extinction,,1.99,0.051,10.4,910.3,Microgravity (~0g),42.9,20.0,0.24,151.5,2019-09-24,NASA Glenn Research Center / ISS MSG,https://psi.nasa.gov/investigation/SAME,SAME investigation of smoke particulate size distribution and ionization/optical response in microgravity.
SAME-AERO-021,PSI-SAME-AEROSOL,SAME (Aerosol),Overheated PTFE-Insulated Wire (AWG 20),Electrical Cable Insulation,20.9,101.3,146.0,Sub-Micron Smoke Saturation,,1.03,0.063,4.6,834.2,Microgravity (~0g),34.5,10.8,0.45,251.8,2016-11-01,NASA Glenn Research Center / ISS MSG,https://psi.nasa.gov/investigation/SAME,SAME investigation of smoke particulate size distribution and ionization/optical response in microgravity.
SAME-AERO-022,PSI-SAME-AEROSOL,SAME (Aerosol),Pyrolyzing Cotton Wick Precursor,Cellulose Fiber,20.9,101.3,166.1,Aerosol Quenched,,1.45,0.036,8.7,531.6,Microgravity (~0g),59.4,20.8,0.27,249.9,2017-08-11,NASA Glenn Research Center / ISS MSG,https://psi.nasa.gov/investigation/SAME,SAME investigation of smoke particulate size distribution and ionization/optical response in microgravity.
SAME-AERO-023,PSI-SAME-AEROSOL,SAME (Aerosol),Overheated Kapton-Insulated Wire,Aero Polyimide Wiring,20.9,101.3,99.9,Aerosol Quenched,,1.83,0.043,10.4,858.1,Microgravity (~0g),33.8,5.9,0.48,276.0,2018-02-16,NASA Glenn Research Center / ISS MSG,https://psi.nasa.gov/investigation/SAME,SAME investigation of smoke particulate size distribution and ionization/optical response in microgravity.
SAME-AERO-024,PSI-SAME-AEROSOL,SAME (Aerosol),Overheated Silicone Rubber Cable,Flexible Wire Coating,20.9,101.3,218.5,Sub-Micron Smoke Saturation,,3.19,0.074,6.0,673.9,Microgravity (~0g),28.2,6.8,0.37,128.4,2018-05-14,NASA Glenn Research Center / ISS MSG,https://psi.nasa.gov/investigation/SAME,SAME investigation of smoke particulate size distribution and ionization/optical response in microgravity.
SAME-AERO-025,PSI-SAME-AEROSOL,SAME (Aerosol),Overheated Kapton-Insulated Wire,Aero Polyimide Wiring,20.9,101.3,178.5,Pyrolysis Extinction,,2.24,0.078,3.7,853.6,Microgravity (~0g),30.9,8.5,0.4,128.2,2016-05-26,NASA Glenn Research Center / ISS MSG,https://psi.nasa.gov/investigation/SAME,SAME investigation of smoke particulate size distribution and ionization/optical response in microgravity.
SAME-AERO-026,PSI-SAME-AEROSOL,SAME (Aerosol),Overheated PTFE-Insulated Wire (AWG 20),Electrical Cable Insulation,20.9,101.3,103.9,Sub-Micron Smoke Saturation,,1.05,0.046,6.7,779.0,Microgravity (~0g),43.1,10.3,0.52,127.9,2015-07-25,NASA Glenn Research Center / ISS MSG,https://psi.nasa.gov/investigation/SAME,SAME investigation of smoke particulate size distribution and ionization/optical response in microgravity.
SAME-AERO-027,PSI-SAME-AEROSOL,SAME (Aerosol),Overheated PTFE-Insulated Wire (AWG 20),Electrical Cable Insulation,20.9,101.3,209.8,Pyrolysis Extinction,,2.27,0.069,11.2,831.1,Microgravity (~0g),45.7,5.7,0.44,194.7,2019-05-08,NASA Glenn Research Center / ISS MSG,https://psi.nasa.gov/investigation/SAME,SAME investigation of smoke particulate size distribution and ionization/optical response in microgravity.
SAME-AERO-028,PSI-SAME-AEROSOL,SAME (Aerosol),Overheated PTFE-Insulated Wire (AWG 20),Electrical Cable Insulation,20.9,101.3,60.4,Aerosol Quenched,,2.45,0.027,9.9,707.9,Microgravity (~0g),20.5,11.2,0.69,71.1,2019-11-24,NASA Glenn Research Center / ISS MSG,https://psi.nasa.gov/investigation/SAME,SAME investigation of smoke particulate size distribution and ionization/optical response in microgravity.
SAME-AERO-029,PSI-SAME-AEROSOL,SAME (Aerosol),Pyrolyzing Cotton Wick Precursor,Cellulose Fiber,20.9,101.3,54.2,Aerosol Quenched,,3.12,0.039,9.3,592.1,Microgravity (~0g),27.5,21.7,0.6,307.7,2017-05-04,NASA Glenn Research Center / ISS MSG,https://psi.nasa.gov/investigation/SAME,SAME investigation of smoke particulate size distribution and ionization/optical response in microgravity.
SAME-AERO-030,PSI-SAME-AEROSOL,SAME (Aerosol),Pyrolyzing Cotton Wick Precursor,Cellulose Fiber,20.9,101.3,113.2,Pyrolysis Extinction,,2.15,0.017,5.4,678.6,Microgravity (~0g),58.2,10.9,0.16,223.5,2019-01-13,NASA Glenn Research Center / ISS MSG,https://psi.nasa.gov/investigation/SAME,SAME investigation of smoke particulate size distribution and ionization/optical response in microgravity.
SAME-AERO-031,PSI-SAME-AEROSOL,SAME (Aerosol),Overheated Kapton-Insulated Wire,Aero Polyimide Wiring,20.9,101.3,64.1,Pyrolysis Extinction,,2.96,0.037,8.6,702.4,Microgravity (~0g),36.6,12.5,0.27,90.3,2018-08-09,NASA Glenn Research Center / ISS MSG,https://psi.nasa.gov/investigation/SAME,SAME investigation of smoke particulate size distribution and ionization/optical response in microgravity.
SAME-AERO-032,PSI-SAME-AEROSOL,SAME (Aerosol),Overheated PTFE-Insulated Wire (AWG 20),Electrical Cable Insulation,20.9,101.3,124.0,Aerosol Quenched,,3.19,0.012,9.6,767.3,Microgravity (~0g),30.1,21.5,0.62,160.8,2016-03-06,NASA Glenn Research Center / ISS MSG,https://psi.nasa.gov/investigation/SAME,SAME investigation of smoke particulate size distribution and ionization/optical response in microgravity.
SAME-AERO-033,PSI-SAME-AEROSOL,SAME (Aerosol),Overheated Kapton-Insulated Wire,Aero Polyimide Wiring,20.9,101.3,181.9,Detector Alarm Triggered,,1.07,0.055,1.7,787.6,Microgravity (~0g),57.5,13.1,0.56,235.1,2019-01-09,NASA Glenn Research Center / ISS MSG,https://psi.nasa.gov/investigation/SAME,SAME investigation of smoke particulate size distribution and ionization/optical response in microgravity.
SAME-AERO-034,PSI-SAME-AEROSOL,SAME (Aerosol),Overheated Kapton-Insulated Wire,Aero Polyimide Wiring,20.9,101.3,133.7,Pyrolysis Extinction,,1.78,0.038,9.2,843.2,Microgravity (~0g),29.7,10.9,0.43,292.3,2018-05-03,NASA Glenn Research Center / ISS MSG,https://psi.nasa.gov/investigation/SAME,SAME investigation of smoke particulate size distribution and ionization/optical response in microgravity.
SAME-AERO-035,PSI-SAME-AEROSOL,SAME (Aerosol),Overheated PTFE-Insulated Wire (AWG 20),Electrical Cable Insulation,20.9,101.3,89.9,Aerosol Quenched,,2.35,0.047,6.7,674.4,Microgravity (~0g),33.4,22.5,0.79,139.8,2016-12-12,NASA Glenn Research Center / ISS MSG,https://psi.nasa.gov/investigation/SAME,SAME investigation of smoke particulate size distribution and ionization/optical response in microgravity.
SAME-AERO-036,PSI-SAME-AEROSOL,SAME (Aerosol),Overheated Silicone Rubber Cable,Flexible Wire Coating,20.9,101.3,58.5,Detector Alarm Triggered,,1.96,0.026,6.7,588.1,Microgravity (~0g),56.8,12.1,0.44,118.3,2017-11-07,NASA Glenn Research Center / ISS MSG,https://psi.nasa.gov/investigation/SAME,SAME investigation of smoke particulate size distribution and ionization/optical response in microgravity.
SAME-AERO-037,PSI-SAME-AEROSOL,SAME (Aerosol),Overheated Kapton-Insulated Wire,Aero Polyimide Wiring,20.9,101.3,130.7,Detector Alarm Triggered,,1.39,0.055,3.2,713.5,Microgravity (~0g),58.1,7.9,0.66,158.7,2016-07-03,NASA Glenn Research Center / ISS MSG,https://psi.nasa.gov/investigation/SAME,SAME investigation of smoke particulate size distribution and ionization/optical response in microgravity.
SAME-AERO-038,PSI-SAME-AEROSOL,SAME (Aerosol),Pyrolyzing Cotton Wick Precursor,Cellulose Fiber,20.9,101.3,205.2,Sub-Micron Smoke Saturation,,1.39,0.02,3.5,578.8,Microgravity (~0g),25.3,8.1,0.5,165.8,2015-07-03,NASA Glenn Research Center / ISS MSG,https://psi.nasa.gov/investigation/SAME,SAME investigation of smoke particulate size distribution and ionization/optical response in microgravity.
SAME-AERO-039,PSI-SAME-AEROSOL,SAME (Aerosol),Pyrolyzing Cotton Wick Precursor,Cellulose Fiber,20.9,101.3,214.4,Aerosol Quenched,,1.96,0.06,1.2,658.0,Microgravity (~0g),35.0,13.6,0.49,81.5,2015-04-02,NASA Glenn Research Center / ISS MSG,https://psi.nasa.gov/investigation/SAME,SAME investigation of smoke particulate size distribution and ionization/optical response in microgravity.
SAME-AERO-040,PSI-SAME-AEROSOL,SAME (Aerosol),Overheated PTFE-Insulated Wire (AWG 20),Electrical Cable Insulation,20.9,101.3,193.6,Detector Alarm Triggered,,2.66,0.056,2.7,729.2,Microgravity (~0g),24.7,11.0,0.42,66.5,2016-08-13,NASA Glenn Research Center / ISS MSG,https://psi.nasa.gov/investigation/SAME,SAME investigation of smoke particulate size distribution and ionization/optical response in microgravity.
SAME-AERO-041,PSI-SAME-AEROSOL,SAME (Aerosol),Pyrolyzing Cotton Wick Precursor,Cellulose Fiber,20.9,101.3,112.5,Aerosol Quenched,,1.58,0.023,10.8,648.4,Microgravity (~0g),57.5,15.9,0.65,143.3,2017-12-14,NASA Glenn Research Center / ISS MSG,https://psi.nasa.gov/investigation/SAME,SAME investigation of smoke particulate size distribution and ionization/optical response in microgravity.
SAME-AERO-042,PSI-SAME-AEROSOL,SAME (Aerosol),Overheated PTFE-Insulated Wire (AWG 20),Electrical Cable Insulation,20.9,101.3,47.2,Pyrolysis Extinction,,2.01,0.02,3.3,702.0,Microgravity (~0g),57.1,7.5,0.1,56.6,2019-08-12,NASA Glenn Research Center / ISS MSG,https://psi.nasa.gov/investigation/SAME,SAME investigation of smoke particulate size distribution and ionization/optical response in microgravity.
SAME-AERO-043,PSI-SAME-AEROSOL,SAME (Aerosol),Overheated Kapton-Insulated Wire,Aero Polyimide Wiring,20.9,101.3,212.5,Detector Alarm Triggered,,2.66,0.054,2.5,909.2,Microgravity (~0g),41.9,19.7,0.38,40.0,2018-05-02,NASA Glenn Research Center / ISS MSG,https://psi.nasa.gov/investigation/SAME,SAME investigation of smoke particulate size distribution and ionization/optical response in microgravity.
SAME-AERO-044,PSI-SAME-AEROSOL,SAME (Aerosol),Overheated Kapton-Insulated Wire,Aero Polyimide Wiring,20.9,101.3,202.4,Sub-Micron Smoke Saturation,,2.18,0.039,2.4,835.7,Microgravity (~0g),45.9,21.3,0.31,50.0,2018-07-28,NASA Glenn Research Center / ISS MSG,https://psi.nasa.gov/investigation/SAME,SAME investigation of smoke particulate size distribution and ionization/optical response in microgravity.
SAME-AERO-045,PSI-SAME-AEROSOL,SAME (Aerosol),Pyrolyzing Cotton Wick Precursor,Cellulose Fiber,20.9,101.3,114.2,Aerosol Quenched,,1.82,0.038,8.0,533.4,Microgravity (~0g),55.4,7.8,0.12,202.5,2017-10-06,NASA Glenn Research Center / ISS MSG,https://psi.nasa.gov/investigation/SAME,SAME investigation of smoke particulate size distribution and ionization/optical response in microgravity.
SAME-AERO-046,PSI-SAME-AEROSOL,SAME (Aerosol),Overheated PTFE-Insulated Wire (AWG 20),Electrical Cable Insulation,20.9,101.3,82.3,Sub-Micron Smoke Saturation,,2.13,0.068,4.2,784.8,Microgravity (~0g),52.6,5.3,0.17,213.7,2017-02-13,NASA Glenn Research Center / ISS MSG,https://psi.nasa.gov/investigation/SAME,SAME investigation of smoke particulate size distribution and ionization/optical response in microgravity.
SAME-AERO-047,PSI-SAME-AEROSOL,SAME (Aerosol),Pyrolyzing Cotton Wick Precursor,Cellulose Fiber,20.9,101.3,91.0,Detector Alarm Triggered,,1.62,0.06,9.8,507.2,Microgravity (~0g),51.0,10.7,0.2,201.2,2019-10-19,NASA Glenn Research Center / ISS MSG,https://psi.nasa.gov/investigation/SAME,SAME investigation of smoke particulate size distribution and ionization/optical response in microgravity.
SAME-AERO-048,PSI-SAME-AEROSOL,SAME (Aerosol),Overheated Kapton-Insulated Wire,Aero Polyimide Wiring,20.9,101.3,89.2,Detector Alarm Triggered,,0.86,0.078,10.3,747.5,Microgravity (~0g),23.4,18.3,0.51,72.5,2016-07-14,NASA Glenn Research Center / ISS MSG,https://psi.nasa.gov/investigation/SAME,SAME investigation of smoke particulate size distribution and ionization/optical response in microgravity.
SAME-AERO-049,PSI-SAME-AEROSOL,SAME (Aerosol),Overheated Kapton-Insulated Wire,Aero Polyimide Wiring,20.9,101.3,137.5,Aerosol Quenched,,1.64,0.016,10.0,795.1,Microgravity (~0g),38.1,9.4,0.35,189.0,2016-02-03,NASA Glenn Research Center / ISS MSG,https://psi.nasa.gov/investigation/SAME,SAME investigation of smoke particulate size distribution and ionization/optical response in microgravity.
SAME-AERO-050,PSI-SAME-AEROSOL,SAME (Aerosol),Pyrolyzing Cotton Wick Precursor,Cellulose Fiber,20.9,101.3,110.6,Pyrolysis Extinction,,1.41,0.03,10.6,541.7,Microgravity (~0g),55.8,20.6,0.67,298.4,2019-11-07,NASA Glenn Research Center / ISS MSG,https://psi.nasa.gov/investigation/SAME,SAME investigation of smoke particulate size distribution and ionization/optical response in microgravity.
