experiment_id,investigation_id,dataset_family,fuel_material,material_category,oxygen_pct,pressure_kpa,burn_time_s,extinction_outcome,extinction_diameter_mm,initial_diameter_mm,burning_rate_mms,airflow_velocity_cms,flame_temp_k,gravity_condition,ignition_power_w,ignition_time_s,co2_pct,co_ppm,test_date,source_name,source_url,notes
STD6001-001,NASA-STD-6001-T1,NASA-STD-6001,Kevlar 29 Fabric,High-Strength Aramid,21.0,101.3,0.0,Self-Extinguished,,0.5,0.00,0.0,,microgravity,50.0,10.0,0.0,8.0,2021-03-10,NASA WSTF / NTRS,https://ntrs.nasa.gov/citations/20210015243,"NASA STD-6001 Test 1 Upward Flammability. LOI = 29.0%. Passed for 21% O2 crew cabin."
STD6001-002,NASA-STD-6001-T1,NASA-STD-6001,Kevlar 29 Fabric,High-Strength Aramid,32.0,56.0,38.0,Burnout,,0.5,0.45,5.0,1680,microgravity,50.0,3.5,0.0,75.0,2021-03-15,NASA WSTF / NTRS,https://ntrs.nasa.gov/citations/20210015243,"Failed in 32% O2 lunar EVA environment. Burn length exceeded 15 cm limit."
STD6001-003,NASA-STD-6001-T1,NASA-STD-6001,Nomex III-A (Aramid),Space Suit Outer Layer,21.0,101.3,0.0,Self-Extinguished,,0.4,0.00,0.0,,microgravity,50.0,10.0,0.0,12.0,2021-04-02,NASA WSTF / NTRS,https://ntrs.nasa.gov/citations/20210015243,"LOI = 28.5%. Self-extinguished with zero after-flame at 1.0 atm."
STD6001-004,NASA-STD-6001-T1,NASA-STD-6001,Nomex III-A (Aramid),Space Suit Outer Layer,34.0,56.0,44.0,Burnout,,0.4,0.52,8.0,1720,microgravity,50.0,2.8,0.0,92.0,2021-04-05,NASA WSTF / NTRS,https://ntrs.nasa.gov/citations/20210015243,"Flammable in Artemis 34% O2 exploration atmosphere with high HCN emission."
STD6001-005,NASA-STD-6001-T1,NASA-STD-6001,Kapton Polyimide Film,Thermal Insulation Blanket,21.0,101.3,0.0,Self-Extinguished,,0.05,0.00,0.0,,microgravity,50.0,10.0,0.0,15.0,2021-05-18,NASA WSTF / NTRS,https://ntrs.nasa.gov/citations/20210015243,"LOI = 36.0%. High flame resistance in Earth/ISS normal atmosphere."
STD6001-006,NASA-STD-6001-T1,NASA-STD-6001,Kapton Polyimide Film,Thermal Insulation Blanket,34.0,56.0,0.0,Self-Extinguished,,0.05,0.00,0.0,,microgravity,50.0,10.0,0.0,28.0,2021-05-20,NASA WSTF / NTRS,https://ntrs.nasa.gov/citations/20210015243,"Marginal pass in 34% O2; slight charring but no flame propagation."
STD6001-007,NASA-STD-6001-T1,NASA-STD-6001,Teflon (PTFE Fluoropolymer),Electrical Wire Jacketing,21.0,101.3,0.0,Self-Extinguished,,1.2,0.00,0.0,,microgravity,60.0,10.0,0.0,4.0,2021-06-08,NASA WSTF / NTRS,https://ntrs.nasa.gov/citations/20210015243,"LOI = 95.0%. Completely non-flammable in ISS cabin air; releases fluorinated off-gassing under forced pyrolytic heating."
STD6001-008,NASA-STD-6001-T1,NASA-STD-6001,PEEK (Polyether ether ketone),Structural Thermoplastic,21.0,101.3,0.0,Self-Extinguished,,3.0,0.00,0.0,,microgravity,50.0,10.0,0.0,18.0,2021-07-12,NASA WSTF / NTRS,https://ntrs.nasa.gov/citations/20210015243,"LOI = 35.0%. Self-extinguishes instantly upon removal of ignition source."
STD6001-009,NASA-STD-6001-T1,NASA-STD-6001,PEEK (Polyether ether ketone),Structural Thermoplastic,34.0,56.0,18.0,Extinction,,3.0,0.18,5.0,1580,microgravity,50.0,4.5,0.0,48.0,2021-07-16,NASA WSTF / NTRS,https://ntrs.nasa.gov/citations/20210015243,"Combustion sustained briefly in 34% O2 before radiative extinction."
STD6001-010,NASA-STD-6001-T1,NASA-STD-6001,Polycarbonate (Lexan Sheet),Optical Window / Shield,21.0,101.3,52.0,Burnout,,3.2,0.38,6.0,1610,microgravity,40.0,2.5,0.0,135.0,2021-08-04,NASA WSTF / NTRS,https://ntrs.nasa.gov/citations/20210015243,"LOI = 25.0%. Propagates heavy dripping flame in standard microgravity atmosphere; high CO yield."
STD6001-011,NASA-STD-6001-T1,NASA-STD-6001,Silicone Rubber Gasket,Sealant / O-Ring,21.0,101.3,68.0,Burnout,,2.0,0.22,4.0,1490,microgravity,40.0,3.0,0.0,80.0,2021-09-14,NASA WSTF / NTRS,https://ntrs.nasa.gov/citations/20210015243,"Forms white silica ash coat; continuous smoldering without complete self-extinction."
STD6001-012,NASA-STD-6001-T1,NASA-STD-6001,Velcro Hook-and-Loop (Nylon),Fastener Material,21.0,101.3,74.0,Burnout,,1.5,0.85,10.0,1650,microgravity,30.0,1.2,0.0,190.0,2021-10-05,NASA WSTF / NTRS,https://ntrs.nasa.gov/citations/20210015243,"LOI = 20.0%. Highly hazardous in spacecraft cabins; strict mass limits enforced per NASA STD-6001."
STD6001-013,NASA-STD-6001-T1,NASA-STD-6001,Velcro Hook-and-Loop (Nylon),Fastener Material,34.0,56.0,110.0,Burnout,,1.5,1.40,15.0,1890,microgravity,30.0,0.8,0.0,280.0,2021-10-09,NASA WSTF / NTRS,https://ntrs.nasa.gov/citations/20210015243,"Extreme deflagration in 34% O2 lunar atmosphere; rapid flashover across hook rows."
STD6001-014,NASA-STD-6001-T1,NASA-STD-6001,Pyrex Borosilicate Glass-Epoxy,Composite Circuit Board,21.0,101.3,31.0,Extinction,,1.6,0.14,4.0,1420,microgravity,45.0,4.0,0.0,60.0,2021-11-02,NASA WSTF / NTRS,https://ntrs.nasa.gov/citations/20210015243,"FR4 epoxy pyrolysis generates dense particulate smoke before glass matrix halts spread."
