Mission,Sample_Number,Material,Sample_Thickness_cm,Sample_Length_cm,Sample_Width_cm,Air_Flow_cms,Percent_O2,Pressure_psia,Pressure_mmHg,Ignition_Power_W,Ignition_Time_s,Burn_Time_s,Flow_Direction,Extinction_Outcome,Notes,Source_URL
SAFFIRE-II,S2-1,PMMA (Acrylic Slab),1.0,40.0,10.0,20.0,21.0,14.7,760.0,185.0,10.0,510.0,Concurrent,Slow Flame Spread with Charring,"MOC verification test on 10mm thick acrylic",https://ntrs.nasa.gov/citations/20170008670
SAFFIRE-II,S2-2,PMMA (Step-profile 4-10mm),0.4,40.0,10.0,20.0,21.0,14.7,760.0,170.0,8.0,380.0,Concurrent,Rapid Spread on Thin Section,"Thinner 4mm section ignited and propagated 2.4x faster than thick slab",https://ntrs.nasa.gov/citations/20170008670
SAFFIRE-II,S2-3,Silicone Membrane (Thin),0.025,30.0,8.0,20.0,21.0,14.7,760.0,140.0,6.0,140.0,Opposed,Opposed Flame Spread,"0.010 inch thickness sustained flame spread in opposed flow",https://ntrs.nasa.gov/citations/20170008670
SAFFIRE-II,S2-4,Silicone Membrane (Medium),0.061,30.0,8.0,20.0,21.0,14.7,760.0,140.0,6.0,65.0,Opposed,Self-extinguished,"0.024 inch sample extinguished after initial ignition",https://ntrs.nasa.gov/citations/20170008670
SAFFIRE-II,S2-5,Silicone Membrane (Thick),0.102,30.0,8.0,20.0,21.0,14.7,760.0,150.0,8.0,22.0,Opposed,Low Flammability Extinction,"0.040 inch sample failed to propagate flame",https://ntrs.nasa.gov/citations/20170008670
SAFFIRE-III,S3-1,SIBAL Fabric (Cotton/Fiberglass),0.37,100.0,40.6,20.0,21.0,14.7,760.0,190.0,8.0,1180.0,Concurrent,Complete Burnout in Cygnus,"1-meter large fabric burn, 19.7 minutes burn duration",https://www.nasa.gov/mission_pages/station/research/experiments/explorer/Investigation.html?#id=1077
SAFFIRE-III,S3-2,Nomex Aramid Fabric,0.08,40.0,20.0,20.0,21.0,14.7,760.0,180.0,8.0,14.5,Concurrent,Self-extinguished Immediately,"Standard flame-retardant space textile self-extinguished in microgravity",https://www.nasa.gov/mission_pages/station/research/experiments/explorer/Investigation.html?#id=1077
SAFFIRE-IV,S4-1,SIBAL Fabric (Cotton/Fiberglass),0.37,40.0,20.0,20.0,26.0,8.2,424.0,175.0,7.0,310.0,Concurrent,Accelerated Upward Spread,"Elevated 26% O2 and reduced pressure (8.2 psia) increased flame speed 1.8x",https://ntrs.nasa.gov/citations/20210014569
SAFFIRE-IV,S4-2,PMMA (Acrylic Sheet),0.6,30.0,10.0,20.0,28.0,8.2,424.0,180.0,9.0,440.0,Concurrent,Vigorous Flame Propagation,"Exploration atmosphere hyperoxia condition",https://ntrs.nasa.gov/citations/20210014569
SAFFIRE-IV,S4-3,Nomex Aramid Fabric,0.08,30.0,10.0,20.0,26.0,8.2,424.0,180.0,8.0,45.0,Concurrent,Delayed Self-Extinction,"Elevated O2 delayed extinction compared to standard atmosphere",https://ntrs.nasa.gov/citations/20210014569
SAFFIRE-V,S5-1,PMMA (Thick Slab 10mm),1.0,40.0,10.0,20.0,34.0,8.2,424.0,200.0,10.0,390.0,Concurrent,Vigorous Pyrolysis & Burnout,"34% O2 exploration atmosphere produced intense boiling and flame vigor",https://www.nasa.gov/feature/glenn/2021/saffire-v-spacecraft-fire-safety-experiment-ignites-new-data
SAFFIRE-V,S5-2,Silicone Electrical Cable Insulation,0.3,35.0,5.0,20.0,34.0,8.2,424.0,160.0,8.0,190.0,Concurrent,Sustained Combustion,"Exceeded normal gravity flammability threshold at 34% O2",https://www.nasa.gov/feature/glenn/2021/saffire-v-spacecraft-fire-safety-experiment-ignites-new-data
SAFFIRE-V,S5-3,SIBAL Fabric,0.37,50.0,20.0,20.0,34.0,8.2,424.0,180.0,6.0,260.0,Concurrent,Rapid Complete Burnout,"Very fast propagation under 34% O2",https://www.nasa.gov/feature/glenn/2021/saffire-v-spacecraft-fire-safety-experiment-ignites-new-data
SAFFIRE-VI,S6-1,PMMA (Acrylic),0.8,40.0,10.0,20.0,34.0,8.2,424.0,190.0,9.0,370.0,Concurrent,Far-field Smoke Transport,"Final Saffire flight evaluating airborne combustion products",https://ntrs.nasa.gov/citations/20240003882
SAFFIRE-VI,S6-2,Cotton Textile Blend,0.12,30.0,10.0,20.0,30.0,8.2,424.0,170.0,7.0,180.0,Concurrent,Complete Consumption,"Airborne soot and CO scrubbed by test filter bed",https://ntrs.nasa.gov/citations/20240003882
